instructions, 83433238473
branches, 3092996113
L1-dcache-load-misses, 11413786037
L1-icache-load-misses, 169584
l2_rqsts.miss, 666279589
mem-loads, 0
mem-stores, 13263734
time-elapsed, 16.371168029
user-time, 16.258218000
sys-time, 0.041724000
instructions, 83433238226
branches, 3092996158
L1-dcache-load-misses, 11429359282
L1-icache-load-misses, 182747
l2_rqsts.miss, 660993216
mem-loads, 0
mem-stores, 13,263,734
user-time, 16.684483785
user-time, 16.562307000
sys-time, 0.050700000
